category,subcategory,entity_name,entity_slug,entity_type,domain,normalized_name,canonical_code,country_code,primary_category,primary_subcategory,source_row_label,curation_status,notes
Automotriz,Automotoras,Bruno Fritsch,bruno-fritsch,BRAND,brunofritsch.cl,BRUNO FRITSCH,BRAND_BRUNO_FRITSCH,CL,Automotriz,Automotoras,Excel Row 2,curated,
Automotriz,Automotoras,DercoCenter,dercocenter,BRAND,dercocenter.cl,DERCOCENTER,BRAND_DERCOCENTER,CL,Automotriz,Automotoras,Excel Row 3,curated,
Automotriz,Automotoras,Gildemeister,gildemeister,BRAND,gildemeister.cl,GILDEMEISTER,BRAND_GILDEMEISTER,CL,Automotriz,Automotoras,Excel Row 4,curated,
Automotriz,Automotoras,Kaufmann,kaufmann,BRAND,kaufmann.cl,KAUFMANN,BRAND_KAUFMANN,CL,Automotriz,Automotoras,Excel Row 5,curated,
Automotriz,Automotoras,Portillo,portillo,BRAND,portillo.cl,PORTILLO,BRAND_PORTILLO,CL,Automotriz,Automotoras,Excel Row 6,curated,
Automotriz,Automotoras,Salazar Israel,salazar-israel,BRAND,salazarisrael.cl,SALAZAR ISRAEL,BRAND_SALAZAR_ISRAEL,CL,Automotriz,Automotoras,Excel Row 7,curated,
Automotriz,Marcas de autos,BYD,byd,BRAND,byd.com/cl,BYD,BRAND_BYD,,Automotriz,Marcas de autos,Excel Row 8,curated,
Automotriz,Marcas de autos,Chery,chery,BRAND,chery.cl,CHERY,BRAND_CHERY,CL,Automotriz,Marcas de autos,Excel Row 9,curated,
Automotriz,Marcas de autos,Geely,geely,BRAND,geely.cl,GEELY,BRAND_GEELY,CL,Automotriz,Marcas de autos,Excel Row 10,curated,
Automotriz,Marcas de autos,Great Wall,great-wall,BRAND,gwm.cl,GREAT WALL,BRAND_GREAT_WALL,,Automotriz,Marcas de autos,Excel Row 11,curated,
Automotriz,Marcas de autos,Haval,haval,BRAND,gwm.cl/haval,HAVAL,BRAND_HAVAL,CL,Automotriz,Marcas de autos,Excel Row 12,curated,
Automotriz,Marcas de autos,JAC,jac,BRAND,jacautoschile.cl,JAC,BRAND_JAC,CL,Automotriz,Marcas de autos,Excel Row 13,curated,
Automotriz,Marcas de autos,Jetour,jetour,BRAND,jetourchile.cl,JETOUR,BRAND_JETOUR,,Automotriz,Marcas de autos,Excel Row 14,curated,
Automotriz,Marcas de autos,MG,mg,BRAND,mgmotor.cl,MG,BRAND_MG,CL,Automotriz,Marcas de autos,Excel Row 15,curated,
Automotriz,Marcas de autos,BMW,bmw,BRAND,bmw.cl,BMW,BRAND_BMW,CL,Automotriz,Marcas de autos,Excel Row 16,curated,
Automotriz,Marcas de autos,Chevrolet,chevrolet,BRAND,chevrolet.cl,CHEVROLET,BRAND_CHEVROLET,CL,Automotriz,Marcas de autos,Excel Row 17,curated,
Automotriz,Marcas de autos,Hyundai,hyundai,BRAND,hyundai.cl,HYUNDAI,BRAND_HYUNDAI,CL,Automotriz,Marcas de autos,Excel Row 18,curated,
Automotriz,Marcas de autos,Kia,kia,BRAND,kia.cl,KIA,BRAND_KIA,CL,Automotriz,Marcas de autos,Excel Row 19,curated,
Automotriz,Marcas de autos,Mazda,mazda,BRAND,mazda.cl,MAZDA,BRAND_MAZDA,CL,Automotriz,Marcas de autos,Excel Row 20,curated,
Automotriz,Marcas de autos,Mercedes-Benz,mercedes-benz,BRAND,kaufmann.cl/automoviles/mercedes-benz,MERCEDESBENZ,BRAND_MERCEDESBENZ,CL,Automotriz,Marcas de autos,Excel Row 21,curated,
Automotriz,Marcas de autos,Nissan,nissan,BRAND,nissan.cl,NISSAN,BRAND_NISSAN,CL,Automotriz,Marcas de autos,Excel Row 22,curated,
Automotriz,Marcas de autos,Peugeot,peugeot,BRAND,peugeot.cl,PEUGEOT,BRAND_PEUGEOT,CL,Automotriz,Marcas de autos,Excel Row 23,curated,
Automotriz,Marcas de autos,Suzuki,suzuki,BRAND,suzuki.cl,SUZUKI,BRAND_SUZUKI,CL,Automotriz,Marcas de autos,Excel Row 24,curated,
Automotriz,Marcas de autos,Toyota,toyota,BRAND,toyota.cl,TOYOTA,BRAND_TOYOTA,CL,Automotriz,Marcas de autos,Excel Row 25,curated,
Bebidas,Aguas,Aquarius,aquarius,BRAND,andina.micoca-cola.cl/aguas/aquarius?srsltid=AfmBOorUNNoDVCWvVRE3n3aAoJevijTf87AGtt0dj13LPtkNWEncH5Lt,AQUARIUS,BRAND_AQUARIUS,,Bebidas,Aguas,Excel Row 26,curated,
Bebidas,Aguas,Benedictino,benedictino,BRAND,andina.micoca-cola.cl/aguas/benedictino?srsltid=AfmBOoprT71L-DUZ1tj8iR1NPEzE7oXPgh6ZVje61GQI8gutqoYm24HB,BENEDICTINO,BRAND_BENEDICTINO,CL,Bebidas,Aguas,Excel Row 27,curated,
Bebidas,Aguas,Cachantun,cachantun,BRAND,cachantun.cl,CACHANTUN,BRAND_CACHANTUN,CL,Bebidas,Aguas,Excel Row 28,curated,
Bebidas,Aguas,Evian,evian,BRAND,evian.com/en_int,EVIAN,BRAND_EVIAN,,Bebidas,Aguas,Excel Row 29,curated,
Bebidas,Aguas,Perrier,perrier,BRAND,perrier.com,PERRIER,BRAND_PERRIER,,Bebidas,Aguas,Excel Row 30,curated,
Bebidas,Aguas,Vital,vital,BRAND,andina.micoca-cola.cl/aguas/vital?srsltid=AfmBOoqk14CQNWKh_BsAN7MzjeEfyqy7z5IOzp3t1L-RGNiGQgOJsCHD,VITAL,BRAND_VITAL,CL,Bebidas,Aguas,Excel Row 31,curated,
Bebidas,Cervezas,Becker,becker,BRAND,becker.cl,BECKER,BRAND_BECKER,CL,Bebidas,Cervezas,Excel Row 32,curated,
Bebidas,Cervezas,Corona,corona,BRAND,ELIMINAR,CORONA,BRAND_CORONA,CL,Bebidas,Cervezas,Excel Row 33,curated,
Bebidas,Cervezas,Cristal,cristal,BRAND,cristal.cl,CRISTAL,BRAND_CRISTAL,,Bebidas,Cervezas,Excel Row 34,needs_review,Domain review needed.
Bebidas,Cervezas,Escudo,escudo,BRAND,ccu.cl/marcas-productos/escudo,ESCUDO,BRAND_ESCUDO,,Bebidas,Cervezas,Excel Row 35,curated,
Bebidas,Cervezas,Heineken,heineken,BRAND,heineken.com/cl/es/agegateway/?returnUrl=%2fcl,HEINEKEN,BRAND_HEINEKEN,,Bebidas,Cervezas,Excel Row 36,curated,
Bebidas,Cervezas,Kunstmann,kunstmann,BRAND,cerveza-kunstmann.cl,KUNSTMANN,BRAND_KUNSTMANN,CL,Bebidas,Cervezas,Excel Row 37,curated,
Bebidas,Energéticas,Burn,burn,BRAND,burn.com/en-us,BURN,BRAND_BURN,,Bebidas,Energéticas,Excel Row 38,curated,
Bebidas,Energéticas,Celsius,celsius,BRAND,celsius.com,CELSIUS,BRAND_CELSIUS,,Bebidas,Energéticas,Excel Row 39,curated,
Bebidas,Energéticas,Monster,monster,BRAND,monsterenergy.com/es-cl,MONSTER,BRAND_MONSTER,,Bebidas,Energéticas,Excel Row 40,curated,
Bebidas,Energéticas,Prime Energy,prime-energy,BRAND,drinkprime.com/collections/energy?srsltid=AfmBOoorJP0uSaRjh5tktA8MBOzRmTdiOo4m9MeRi1KQbij8029SFFXK,PRIME ENERGY,BRAND_PRIME_ENERGY,,Bebidas,Energéticas,Excel Row 41,curated,
Bebidas,Energéticas,Red Bull,red-bull,BRAND,redbull.com/cl-es,RED BULL,BRAND_RED_BULL,,Bebidas,Energéticas,Excel Row 42,curated,
Bebidas,Energéticas,Rockstar,rockstar,BRAND,rockstarenergy.es,ROCKSTAR,BRAND_ROCKSTAR,,Bebidas,Energéticas,Excel Row 43,curated,
Bebidas,Gaseosas,Canada Dry,canada-dry,BRAND,canadadrychile.cl,CANADA DRY,BRAND_CANADA_DRY,CL,Bebidas,Gaseosas,Excel Row 44,curated,
Bebidas,Gaseosas,Coca-Cola,coca-cola,BRAND,micoca-cola.cl,COCACOLA,BRAND_COCACOLA,CL,Bebidas,Gaseosas,Excel Row 45,curated,
Bebidas,Gaseosas,Fanta,fanta,BRAND,coca-cola.com/cl/es/brands/fanta/productos,FANTA,BRAND_FANTA,,Bebidas,Gaseosas,Excel Row 46,curated,
Bebidas,Gaseosas,Pepsi,pepsi,BRAND,pepsi.com,PEPSI,BRAND_PEPSI,,Bebidas,Gaseosas,Excel Row 47,curated,
Bebidas,Gaseosas,Schweppes,schweppes,BRAND,schweppes.es,SCHWEPPES,BRAND_SCHWEPPES,,Bebidas,Gaseosas,Excel Row 48,curated,
Bebidas,Gaseosas,Sprite,sprite,BRAND,andina.micoca-cola.cl/sprite?srsltid=AfmBOorGsM02z2Glt_W30ywcOJbtGcLYePWBjW9sldSNfjm184bTMunW,SPRITE,BRAND_SPRITE,,Bebidas,Gaseosas,Excel Row 49,curated,
Bebidas,Tiendas de vino,Descorcha,descorcha,BRAND,descorcha.com,DESCORCHA,BRAND_DESCORCHA,,Bebidas,Tiendas de vino,Excel Row 50,curated,
Bebidas,Tiendas de vino,El Mundo del Vino,el-mundo-del-vino,BRAND,elmundodelvino.cl,EL MUNDO DEL VINO,BRAND_EL_MUNDO_DEL_VINO,CL,Bebidas,Tiendas de vino,Excel Row 51,curated,
Bebidas,Tiendas de vino,La Cav,la-cav,BRAND,cav.cl,LA CAV,BRAND_LA_CAV,CL,Bebidas,Tiendas de vino,Excel Row 52,curated,
Bebidas,Tiendas de vino,La Vinoteca,la-vinoteca,BRAND,lavinoteca.cl,LA VINOTECA,BRAND_LA_VINOTECA,CL,Bebidas,Tiendas de vino,Excel Row 53,curated,
Bebidas,Tiendas de vino,Tienda Concha y Toro,tienda-concha-y-toro,BRAND,ELIMINAR,TIENDA CONCHA Y TORO,BRAND_TIENDA_CONCHA_Y_TORO,,Bebidas,Tiendas de vino,Excel Row 54,curated,
Bebidas,Tiendas de vino,Tienda Santa Rita,tienda-santa-rita,BRAND,ELIMINAR,TIENDA SANTA RITA,BRAND_TIENDA_SANTA_RITA,,Bebidas,Tiendas de vino,Excel Row 55,curated,
Bebidas,Viñas,Concha y Toro,concha-y-toro,BRAND,conchaytoro.com,CONCHA Y TORO,BRAND_CONCHA_Y_TORO,,Bebidas,Viñas,Excel Row 56,curated,
Bebidas,Viñas,Miguel Torres,miguel-torres,BRAND,migueltorres.cl,MIGUEL TORRES,BRAND_MIGUEL_TORRES,CL,Bebidas,Viñas,Excel Row 57,curated,
Bebidas,Viñas,Montes,montes,BRAND,monteswines.com,MONTES,BRAND_MONTES,,Bebidas,Viñas,Excel Row 58,curated,
Bebidas,Viñas,San Pedro,san-pedro,BRAND,sanpedro.cl,SAN PEDRO,BRAND_SAN_PEDRO,CL,Bebidas,Viñas,Excel Row 59,curated,
Bebidas,Viñas,Santa Rita,santa-rita,BRAND,santarita.com,SANTA RITA,BRAND_SANTA_RITA,,Bebidas,Viñas,Excel Row 60,curated,
Bebidas,Viñas,Undurraga,undurraga,BRAND,undurraga.cl,UNDURRAGA,BRAND_UNDURRAGA,CL,Bebidas,Viñas,Excel Row 61,curated,
Bebés,Coches,Bebesit,bebesit,BRAND,bebesit.cl,BEBESIT,BRAND_BEBESIT,CL,Bebés,Coches,Excel Row 62,curated,
Bebés,Cochecitos,Chicco,chicco,BRAND,chicco.cl,CHICCO,BRAND_CHICCO,CL,Bebés,Cochecitos,Excel Row 63,curated,
Bebés,Cochecitos,Graco,graco,BRAND,babygraco.cl,GRACO,BRAND_GRACO,CL,Bebés,Cochecitos,Excel Row 64,curated,
Bebés,Cochecitos,Infanti,infanti,BRAND,infanti.cl,INFANTI,BRAND_INFANTI,CL,Bebés,Cochecitos,Excel Row 65,curated,
Bebés,Cochecitos,Joie,joie,BRAND,joiebaby.com/latam,JOIE,BRAND_JOIE,,Bebés,Cochecitos,Excel Row 66,curated,
Bebés,Cochecitos,Maxi-Cosi,maxi-cosi,BRAND,maxicosi.cl,MAXICOSI,BRAND_MAXICOSI,CL,Bebés,Cochecitos,Excel Row 67,curated,
Bebés,Alimento Infantil,Enfamil,enfamil,BRAND,enfamil.com/es,ENFAMIL,BRAND_ENFAMIL,,Bebés,Alimento Infantil,Excel Row 68,curated,
Bebés,Alimento Infantil,NAN,nan,BRAND,nestle.cl/brands/allbrands/nan-optipro,NAN,BRAND_NAN,CL,Bebés,Alimento Infantil,Excel Row 69,curated,
Bebés,Alimento Infantil,Nidal,nidal,BRAND,,NIDAL,BRAND_NIDAL,,Bebés,Alimento Infantil,Excel Row 70,curated,
Bebés,Alimento Infantil,Pediasure,pediasure,BRAND,,PEDIASURE,BRAND_PEDIASURE,,Bebés,Alimento Infantil,Excel Row 71,curated,
Bebés,Alimento Infantil,S-26,s-26,BRAND,,S26,BRAND_S26,,Bebés,Alimento Infantil,Excel Row 72,curated,
Bebés,Alimento Infantil,Similac,similac,BRAND,,SIMILAC,BRAND_SIMILAC,,Bebés,Alimento Infantil,Excel Row 73,curated,
Bebés,Pañales,BBTips,bbtips,BRAND,,BBTIPS,BRAND_BBTIPS,,Bebés,Pañales,Excel Row 74,curated,
Bebés,Pañales,Babysec,babysec,BRAND,babysec.cl,BABYSEC,BRAND_BABYSEC,CL,Bebés,Pañales,Excel Row 75,curated,
Bebés,Pañales,Huggies,huggies,BRAND,huggies.cl,HUGGIES,BRAND_HUGGIES,CL,Bebés,Pañales,Excel Row 76,curated,
Bebés,Pañales,Pampers,pampers,BRAND,pampers.cl,PAMPERS,BRAND_PAMPERS,CL,Bebés,Pañales,Excel Row 77,curated,
Bebés,Toallitas húmedas,WaterWipes,waterwipes,BRAND,waterwipes.com/latin/es,WATERWIPES,BRAND_WATERWIPES,,Bebés,Toallitas húmedas,Excel Row 84,curated,
Belleza,Maquillaje,L'Oréal Paris,l-oreal-paris,BRAND,loreal-paris.cl,LOREAL PARIS,BRAND_LOREAL_PARIS,CL,Belleza,Maquillaje,Excel Row 85,curated,
Belleza,Maquillaje,MAC,mac,BRAND,maccosmetics.cl,MAC,BRAND_MAC,CL,Belleza,Maquillaje,Excel Row 86,curated,
Belleza,Maquillaje,Maybelline,maybelline,BRAND,maybelline.cl,MAYBELLINE,BRAND_MAYBELLINE,CL,Belleza,Maquillaje,Excel Row 87,curated,
Belleza,Maquillaje,NYX,nyx,BRAND,nyxcosmetics.cl,NYX,BRAND_NYX,,Belleza,Maquillaje,Excel Row 88,curated,
Belleza,Maquillaje,Natura,natura,BRAND,natura.cl,NATURA,BRAND_NATURA,CL,Belleza,Maquillaje,Excel Row 89,curated,
Belleza,Maquillaje,Petrizzio,petrizzio,BRAND,petrizzio.cl,PETRIZZIO,BRAND_PETRIZZIO,CL,Belleza,Maquillaje,Excel Row 90,curated,
Belleza,Desodorantes,Axe,axe,BRAND,axe.com/cl/home.html,AXE,BRAND_AXE,,Belleza,Desodorantes,Excel Row 91,curated,
Belleza,Desodorantes,Dove,dove,BRAND,dove.com/cl/home.html,DOVE,BRAND_DOVE,,Belleza,Desodorantes,Excel Row 92,curated,
Belleza,Desodorantes,Lady Speed Stick,lady-speed-stick,BRAND,ladyspeedstick.com/es-cl,LADY SPEED STICK,BRAND_LADY_SPEED_STICK,,Belleza,Desodorantes,Excel Row 93,curated,
Belleza,Desodorantes,Nivea,nivea,BRAND,nivea.cl,NIVEA,BRAND_NIVEA,CL,Belleza,Desodorantes,Excel Row 94,curated,
Belleza,Desodorantes,Old Spice,old-spice,BRAND,oldspice.com,OLD SPICE,BRAND_OLD_SPICE,,Belleza,Desodorantes,Excel Row 95,curated,
Belleza,Desodorantes,Rexona,rexona,BRAND,rexona.com/cl/home.html,REXONA,BRAND_REXONA,,Belleza,Desodorantes,Excel Row 96,curated,
Belleza,Pastas dentales,Aquafresh,aquafresh,BRAND,aquafresh.cl,AQUAFRESH,BRAND_AQUAFRESH,,Belleza,Pastas dentales,Excel Row 97,curated,
Belleza,Pastas dentales,Closeup,closeup,BRAND,closeup.cl,CLOSEUP,BRAND_CLOSEUP,,Belleza,Pastas dentales,Excel Row 98,curated,
Belleza,Pastas dentales,Colgate,colgate,BRAND,colgate.com/es-cl,COLGATE,BRAND_COLGATE,CL,Belleza,Pastas dentales,Excel Row 99,curated,
Belleza,Pastas dentales,Oral-B,oral-b,BRAND,oralb.cl,ORALB,BRAND_ORALB,CL,Belleza,Pastas dentales,Excel Row 100,curated,
Belleza,Pastas dentales,Pepsodent,pepsodent,BRAND,pepsodent.cl/productos.html,PEPSODENT,BRAND_PEPSODENT,,Belleza,Pastas dentales,Excel Row 101,curated,
Belleza,Pastas dentales,Sensodyne,sensodyne,BRAND,sensodyne.cl,SENSODYNE,BRAND_SENSODYNE,CL,Belleza,Pastas dentales,Excel Row 102,curated,
Belleza,Perfumes,Calvin Klein,calvin-klein,BRAND,calvinklein.cl,CALVIN KLEIN,BRAND_CALVIN_KLEIN,CL,Belleza,Perfumes,Excel Row 103,curated,
Belleza,Perfumes,Carolina Herrera,carolina-herrera,BRAND,carolinaherrera.com,CAROLINA HERRERA,BRAND_CAROLINA_HERRERA,,Belleza,Perfumes,Excel Row 104,curated,
Belleza,Perfumes,Chanel,chanel,BRAND,chanel.com/cl,CHANEL,BRAND_CHANEL,,Belleza,Perfumes,Excel Row 105,curated,
Belleza,Perfumes,Dior,dior,BRAND,shop.dior.cl,DIOR,BRAND_DIOR,,Belleza,Perfumes,Excel Row 106,curated,
Belleza,Perfumes,Hugo Boss,hugo-boss,BRAND,hugoboss.cl,HUGO BOSS,BRAND_HUGO_BOSS,,Belleza,Perfumes,Excel Row 107,curated,
Belleza,Perfumes,Rabanne,rabanne,BRAND,rabanne.com/ww/es,RABANNE,BRAND_RABANNE,,Belleza,Perfumes,Excel Row 108,curated,
Belleza,Protección solar,Eucerin Sun,eucerin-sun,BRAND,eucerin.cl,EUCERIN SUN,BRAND_EUCERIN_SUN,CL,Belleza,Protección solar,Excel Row 109,curated,
Belleza,Protección solar,Hawaiian Tropic,hawaiian-tropic,BRAND,hawaiiantropiclatam.cl,HAWAIIAN TROPIC,BRAND_HAWAIIAN_TROPIC,,Belleza,Protección solar,Excel Row 110,curated,
Belleza,Protección solar,ISDIN,isdin,BRAND,isdin.com/cl,ISDIN,BRAND_ISDIN,,Belleza,Protección solar,Excel Row 111,curated,
Belleza,Protección solar,La Roche-Posay,la-roche-posay,BRAND,laroche-posay.cl,LA ROCHEPOSAY,BRAND_LA_ROCHEPOSAY,CL,Belleza,Protección solar,Excel Row 112,curated,
Belleza,Protección solar,Raytan,raytan,BRAND,ELIMINAR,RAYTAN,BRAND_RAYTAN,CL,Belleza,Protección solar,Excel Row 113,curated,
Belleza,Protección solar,Vichy,vichy,BRAND,vichy.cl,VICHY,BRAND_VICHY,CL,Belleza,Protección solar,Excel Row 114,curated,
Belleza,Shampoo,Elvive,elvive,BRAND,ELIMINAR,ELVIVE,BRAND_ELVIVE,CL,Belleza,Shampoo,Excel Row 116,curated,
Belleza,Shampoo,Head & Shoulders,head-shoulders,BRAND,headandshoulders-la.com/es,HEAD SHOULDERS,BRAND_HEAD_SHOULDERS,CL,Belleza,Shampoo,Excel Row 117,curated,
Belleza,Shampoo,Pantene,pantene,BRAND,pantenela.com/es,PANTENE,BRAND_PANTENE,,Belleza,Shampoo,Excel Row 118,curated,
Belleza,Shampoo,Sedal,sedal,BRAND,sedal.cl/home.html,SEDAL,BRAND_SEDAL,CL,Belleza,Shampoo,Excel Row 119,curated,
Belleza,Shampoo,Tío Nacho,tio-nacho,BRAND,tionacho.lat,TIO NACHO,BRAND_TIO_NACHO,,Belleza,Shampoo,Excel Row 120,curated,
Belleza,Skincare,Bioderma,bioderma,BRAND,bioderma.cl,BIODERMA,BRAND_BIODERMA,CL,Belleza,Skincare,Excel Row 121,curated,
Belleza,Skincare,CeraVe,cerave,BRAND,cerave.cl,CERAVE,BRAND_CERAVE,CL,Belleza,Skincare,Excel Row 122,curated,
Belleza,Skincare,Cetaphil,cetaphil,BRAND,cetaphil.cl,CETAPHIL,BRAND_CETAPHIL,CL,Belleza,Skincare,Excel Row 123,curated,
Belleza,Skincare,Eucerin,eucerin,BRAND,eucerin.cl,EUCERIN,BRAND_EUCERIN,CL,Belleza,Skincare,Excel Row 124,curated,
Comida,Cafeterías,Café Haiti,cafe-haiti,BRAND,cafehaiti.cl,CAFE HAITI,BRAND_CAFE_HAITI,CL,Comida,Cafeterías,Excel Row 127,curated,
Comida,Cafeterías,Castaño,castano,BRAND,pedidos.castano.cl,CASTANO,BRAND_CASTANO,CL,Comida,Cafeterías,Excel Row 128,curated,
Comida,Cafeterías,Dunkin,dunkin,BRAND,dunkin.cl,DUNKIN,BRAND_DUNKIN,CL,Comida,Cafeterías,Excel Row 129,curated,
Comida,Cafeterías,Juan Valdez,juan-valdez,BRAND,juanvaldez.cl,JUAN VALDEZ,BRAND_JUAN_VALDEZ,,Comida,Cafeterías,Excel Row 130,curated,
Comida,Cafeterías,Starbucks,starbucks,BRAND,starbucks.cl,STARBUCKS,BRAND_STARBUCKS,CL,Comida,Cafeterías,Excel Row 131,curated,
Comida,Cafeterías,Tavelli,tavelli,BRAND,tavelli.cl/pedir,TAVELLI,BRAND_TAVELLI,CL,Comida,Cafeterías,Excel Row 132,curated,
Comida,Delivery,DiDi Food,didi-food,BRAND,didiglobal.com,DIDI FOOD,BRAND_DIDI_FOOD,,Comida,Delivery,Excel Row 133,curated,
Comida,Delivery,Justo,justo,BRAND,ELIMINAR,JUSTO,BRAND_JUSTO,CL,Comida,Delivery,Excel Row 134,curated,
Comida,Delivery,Orders,orders,BRAND,ELIMINAR,ORDERS,BRAND_ORDERS,CL,Comida,Delivery,Excel Row 135,curated,
Comida,Delivery,PedidosYa,pedidosya,BRAND,pedidosya.cl,PEDIDOSYA,BRAND_PEDIDOSYA,CL,Comida,Delivery,Excel Row 136,curated,
Comida,Delivery,Rappi,rappi,BRAND,rappi.cl,RAPPI,BRAND_RAPPI,,Comida,Delivery,Excel Row 137,curated,
Comida,Delivery,Uber Eats,uber-eats,BRAND,ubereats.com,UBER EATS,BRAND_UBER_EATS,,Comida,Delivery,Excel Row 138,curated,
Comida,Fast food,Burger King,burger-king,BRAND,burgerking.cl/es,BURGER KING,BRAND_BURGER_KING,CL,Comida,Fast food,Excel Row 139,curated,
Comida,Fast food,Doggis,doggis,BRAND,delivery.doggis.cl,DOGGIS,BRAND_DOGGIS,CL,Comida,Fast food,Excel Row 140,curated,
Comida,Fast food,Juan Maestro,juan-maestro,BRAND,juanmaestro.cl,JUAN MAESTRO,BRAND_JUAN_MAESTRO,CL,Comida,Fast food,Excel Row 141,curated,
Comida,Fast food,KFC,kfc,BRAND,kentucky.cl,KFC,BRAND_KFC,CL,Comida,Fast food,Excel Row 142,curated,
Comida,Fast food,McDonald's,mcdonald-s,BRAND,mcdonalds.cl,MCDONALDS,BRAND_MCDONALDS,CL,Comida,Fast food,Excel Row 143,curated,
Comida,Fast food,"Pedro, Juan & Diego",pedro-juan-diego,BRAND,pyd.cl,PEDRO JUAN DIEGO,BRAND_PEDRO_JUAN_DIEGO,CL,Comida,Fast food,Excel Row 144,curated,
Comida,Fast food,Subway,subway,BRAND,subway.com/es-cl,SUBWAY,BRAND_SUBWAY,,Comida,Fast food,Excel Row 145,curated,
Comida,Fast food,Tarragona,tarragona,BRAND,tarragona.cl/pedir,TARRAGONA,BRAND_TARRAGONA,CL,Comida,Fast food,Excel Row 146,curated,
Comida,Pizza,Domino's,domino-s,BRAND,dominospizza.cl,DOMINOS,BRAND_DOMINOS,CL,Comida,Pizza,Excel Row 147,curated,
Comida,Pizza,Little Caesars,little-caesars,BRAND,cl.littlecaesars.com/es-cl,LITTLE CAESARS,BRAND_LITTLE_CAESARS,CL,Comida,Pizza,Excel Row 148,curated,
Comida,Pizza,Melt Pizzas,melt-pizzas,BRAND,meltpizzas.com,MELT PIZZAS,BRAND_MELT_PIZZAS,,Comida,Pizza,Excel Row 149,curated,
Comida,Pizza,Papa Johns,papa-johns,BRAND,papajohns.cl,PAPA JOHNS,BRAND_PAPA_JOHNS,CL,Comida,Pizza,Excel Row 150,curated,
Comida,Pizza,Pizza Hut,pizza-hut,BRAND,ELIMINAR,PIZZA HUT,BRAND_PIZZA_HUT,CL,Comida,Pizza,Excel Row 151,curated,
Comida,Pizza,Telepizza,telepizza,BRAND,ELIMINAR,TELEPIZZA,BRAND_TELEPIZZA,CL,Comida,Pizza,Excel Row 152,curated,
Deportes,Fútbol,Cobreloa,cobreloa,BRAND,cobreloa.cl,COBRELOA,BRAND_COBRELOA,CL,Deportes,Fútbol,Excel Row 153,curated,
Deportes,Fútbol,Colo-Colo,colo-colo,BRAND,colocolo.cl,COLOCOLO,BRAND_COLOCOLO,CL,Deportes,Fútbol,Excel Row 154,curated,
Deportes,Fútbol,Santiago Wanderers,santiago-wanderers,BRAND,santiagowanderers.cl,SANTIAGO WANDERERS,BRAND_SANTIAGO_WANDERERS,CL,Deportes,Fútbol,Excel Row 155,curated,
Deportes,Fútbol,Universidad Católica,universidad-catolica,BRAND,cruzados.cl,UNIVERSIDAD CATOLICA,BRAND_UNIVERSIDAD_CATOLICA,CL,Deportes,Fútbol,Excel Row 156,curated,
Deportes,Fútbol,Universidad de Chile,universidad-de-chile,BRAND,udechile.cl,UNIVERSIDAD DE CHILE,BRAND_UNIVERSIDAD_DE_CHILE,CL,Deportes,Fútbol,Excel Row 157,curated,
Deportes,Fútbol,Unión Española,union-espanola,BRAND,unionespanola.cl,UNION ESPANOLA,BRAND_UNION_ESPANOLA,CL,Deportes,Fútbol,Excel Row 158,curated,
Educación,Institutos,AIEP,aiep,BRAND,aiep.cl,AIEP,BRAND_AIEP,CL,Educación,Institutos,Excel Row 159,curated,
Educación,Institutos,Duoc UC,duoc-uc,BRAND,duoc.cl,DUOC UC,BRAND_DUOC_UC,CL,Educación,Institutos,Excel Row 160,curated,
Educación,Institutos,ENAC,enac,BRAND,enac.cl,ENAC,BRAND_ENAC,CL,Educación,Institutos,Excel Row 161,curated,
Educación,Institutos,INACAP,inacap,BRAND,portal.inacap.cl,INACAP,BRAND_INACAP,CL,Educación,Institutos,Excel Row 162,curated,
Educación,Institutos,IPChile,ipchile,BRAND,ipchile.cl,IPCHILE,BRAND_IPCHILE,CL,Educación,Institutos,Excel Row 163,curated,
Educación,Institutos,Santo Tomás,santo-tomas,BRAND,santotomas.cl,SANTO TOMAS,BRAND_SANTO_TOMAS,CL,Educación,Institutos,Excel Row 164,curated,
Educación,Preuniversitarios,Cpech,cpech,BRAND,cpech.cl,CPECH,BRAND_CPECH,CL,Educación,Preuniversitarios,Excel Row 165,curated,
Educación,Preuniversitarios,Filadd,filadd,BRAND,filadd.cl,FILADD,BRAND_FILADD,CL,Educación,Preuniversitarios,Excel Row 166,curated,
Educación,Preuniversitarios,M30M,m30m,BRAND,preuniversitariom30m.com,M30M,BRAND_M30M,,Educación,Preuniversitarios,Excel Row 167,curated,
Educación,Preuniversitarios,Pedro de Valdivia,pedro-de-valdivia,BRAND,preupdv.cl,PEDRO DE VALDIVIA,BRAND_PEDRO_DE_VALDIVIA,CL,Educación,Preuniversitarios,Excel Row 168,curated,
Educación,Preuniversitarios,Preu UC,preu-uc,BRAND,preuniversitario.uc.cl,PREU UC,BRAND_PREU_UC,CL,Educación,Preuniversitarios,Excel Row 169,curated,
Educación,Preuniversitarios,Puntaje Nacional,puntaje-nacional,BRAND,puntajenacional.cl/alumnos/landing,PUNTAJE NACIONAL,BRAND_PUNTAJE_NACIONAL,CL,Educación,Preuniversitarios,Excel Row 170,curated,
Educación,Universidades,Pontificia Universidad Católica,pontificia-universidad-catolica,BRAND,uc.cl,PONTIFICIA UNIVERSIDAD CATOLICA,BRAND_PONTIFICIA_UNIVERSIDAD_CATOLICA,CL,Educación,Universidades,Excel Row 171,curated,
Educación,Universidades,UAI,uai,BRAND,uai.cl,UAI,BRAND_UAI,CL,Educación,Universidades,Excel Row 172,curated,
Educación,Universidades,UDP,udp,BRAND,udp.cl,UDP,BRAND_UDP,CL,Educación,Universidades,Excel Row 173,curated,
Educación,Universidades,USACH,usach,BRAND,usach.cl,USACH,BRAND_USACH,CL,Educación,Universidades,Excel Row 174,curated,
Educación,Universidades,Universidad de Concepción,universidad-de-concepcion,BRAND,udec.cl/pexterno,UNIVERSIDAD DE CONCEPCION,BRAND_UNIVERSIDAD_DE_CONCEPCION,CL,Educación,Universidades,Excel Row 176,curated,
Entretenimiento,Cines,Cine Hoyts,cine-hoyts,BRAND,ELIMINAR,CINE HOYTS,BRAND_CINE_HOYTS,CL,Entretenimiento,Cines,Excel Row 177,curated,
Entretenimiento,Cines,Cinemark,cinemark,BRAND,cinemark.cl,CINEMARK,BRAND_CINEMARK,CL,Entretenimiento,Cines,Excel Row 178,curated,
Entretenimiento,Cines,Cineplanet,cineplanet,BRAND,cineplanet.cl,CINEPLANET,BRAND_CINEPLANET,CL,Entretenimiento,Cines,Excel Row 179,curated,
Entretenimiento,Cines,Cinestar,cinestar,BRAND,cinestar.cl/browsing,CINESTAR,BRAND_CINESTAR,CL,Entretenimiento,Cines,Excel Row 180,curated,
Entretenimiento,Cines,Cinépolis,cinepolis,BRAND,cinepolischile.cl,CINEPOLIS,BRAND_CINEPOLIS,CL,Entretenimiento,Cines,Excel Row 181,curated,
Entretenimiento,Cines,Muvix,muvix,BRAND,muvix.cl/Browsing,MUVIX,BRAND_MUVIX,CL,Entretenimiento,Cines,Excel Row 182,curated,
Entretenimiento,Comunidades,Discord,discord,BRAND,discord.com,DISCORD,BRAND_DISCORD,,Entretenimiento,Comunidades,Excel Row 183,curated,
Entretenimiento,Comunidades,Pinterest,pinterest,BRAND,cl.pinterest.com,PINTEREST,BRAND_PINTEREST,,Entretenimiento,Comunidades,Excel Row 184,curated,
Entretenimiento,Comunidades,Quora,quora,BRAND,es.quora.com,QUORA,BRAND_QUORA,,Entretenimiento,Comunidades,Excel Row 185,curated,
Entretenimiento,Comunidades,Reddit,reddit,BRAND,reddit.com,REDDIT,BRAND_REDDIT,,Entretenimiento,Comunidades,Excel Row 186,curated,
Entretenimiento,Comunidades,Steam Community,steam-community,BRAND,steamcommunity.com/?l=spanish,STEAM COMMUNITY,BRAND_STEAM_COMMUNITY,,Entretenimiento,Comunidades,Excel Row 187,curated,
Entretenimiento,Comunidades,Tumblr,tumblr,BRAND,tumblr.com,TUMBLR,BRAND_TUMBLR,,Entretenimiento,Comunidades,Excel Row 188,curated,
Medios,Prensa digital,BioBioChile,biobiochile,BRAND,biobiochile.cl,BIOBIOCHILE,BRAND_BIOBIOCHILE,CL,Medios,Prensa digital,Excel Row 189,curated,
Medios,Prensa digital,CNN Chile,cnn-chile,BRAND,cnnchile.com,CNN CHILE,BRAND_CNN_CHILE,,Medios,Prensa digital,Excel Row 190,curated,
Medios,Prensa digital,Cooperativa,cooperativa,BRAND,cooperativa.cl,COOPERATIVA,BRAND_COOPERATIVA,CL,Medios,Prensa digital,Excel Row 191,curated,
Medios,Prensa digital,El Mostrador,el-mostrador,BRAND,elmostrador.cl,EL MOSTRADOR,BRAND_EL_MOSTRADOR,CL,Medios,Prensa digital,Excel Row 192,curated,
Medios,Prensa digital,Emol,emol,BRAND,emol.com,EMOL,BRAND_EMOL,,Medios,Prensa digital,Excel Row 193,curated,
Medios,Prensa digital,La Tercera,la-tercera,BRAND,latercera.com,LA TERCERA,BRAND_LA_TERCERA,,Medios,Prensa digital,Excel Row 194,curated,
Medios,Radios,ADN Radio,adn-radio,BRAND,adnradio.cl,ADN RADIO,BRAND_ADN_RADIO,CL,Medios,Radios,Excel Row 195,curated,
Medios,Radios,Carolina,carolina,BRAND,chcarolinaherrera.com/cl/es,CAROLINA,BRAND_CAROLINA,CL,Medios,Radios,Excel Row 196,curated,
Medios,Radios,Pudahuel,pudahuel,BRAND,pudahuel.cl,PUDAHUEL,BRAND_PUDAHUEL,CL,Medios,Radios,Excel Row 198,curated,
Medios,Radios,Radio Agricultura,radio-agricultura,BRAND,radioagricultura.cl,RADIO AGRICULTURA,BRAND_RADIO_AGRICULTURA,CL,Medios,Radios,Excel Row 199,curated,
Medios,Radios,Radio Bío Bío,radio-bio-bio,BRAND,biobiochile.cl/escritorio/bbcl-2020/secciones/radio.shtml,RADIO BIO BIO,BRAND_RADIO_BIO_BIO,CL,Medios,Radios,Excel Row 200,curated,
Medios,Redes sociales,Facebook,facebook,BRAND,facebook.com,FACEBOOK,BRAND_FACEBOOK,,Medios,Redes sociales,Excel Row 201,curated,
Medios,Redes sociales,Instagram,instagram,BRAND,instagram.com,INSTAGRAM,BRAND_INSTAGRAM,,Medios,Redes sociales,Excel Row 202,curated,
Medios,Redes sociales,LinkedIn,linkedin,BRAND,linkedin.com,LINKEDIN,BRAND_LINKEDIN,,Medios,Redes sociales,Excel Row 203,curated,
Medios,Redes sociales,Snapchat,snapchat,BRAND,snapchat.com/es,SNAPCHAT,BRAND_SNAPCHAT,,Medios,Redes sociales,Excel Row 204,curated,
Medios,Redes sociales,TikTok,tiktok,BRAND,tiktok.com,TIKTOK,BRAND_TIKTOK,,Medios,Redes sociales,Excel Row 205,curated,
Medios,Redes sociales,X,x,BRAND,x.com/?lang=es,X,BRAND_X,,Medios,Redes sociales,Excel Row 206,curated,
Entretenimiento,Streaming de música,Amazon Music,amazon-music,BRAND,music.amazon.com,AMAZON MUSIC,BRAND_AMAZON_MUSIC,,Entretenimiento,Streaming de música,Excel Row 207,curated,
Entretenimiento,Streaming de música,Apple Music,apple-music,BRAND,music.apple.com,APPLE MUSIC,BRAND_APPLE_MUSIC,,Entretenimiento,Streaming de música,Excel Row 208,curated,
Entretenimiento,Streaming de música,Deezer,deezer,BRAND,deezer.com/mx,DEEZER,BRAND_DEEZER,,Entretenimiento,Streaming de música,Excel Row 209,curated,
Entretenimiento,Streaming de música,Spotify,spotify,BRAND,open.spotify.com/intl-es,SPOTIFY,BRAND_SPOTIFY,,Entretenimiento,Streaming de música,Excel Row 210,curated,
Entretenimiento,Streaming de música,TIDAL,tidal,BRAND,tidal.com,TIDAL,BRAND_TIDAL,,Entretenimiento,Streaming de música,Excel Row 211,curated,
Entretenimiento,Streaming de música,YouTube Music,youtube-music,BRAND,music.youtube.com,YOUTUBE MUSIC,BRAND_YOUTUBE_MUSIC,,Entretenimiento,Streaming de música,Excel Row 212,curated,
Entretenimiento,Streaming de video,Apple TV+,apple-tv,BRAND,tv.apple.com,APPLE TV,BRAND_APPLE_TV,,Entretenimiento,Streaming de video,Excel Row 213,curated,
Entretenimiento,Streaming de video,Disney+,disney,BRAND,disneyplus.com/es-cl?CID=DSS-Social-TikTok-1858582466883681-1858582466884833-1859489839348737&ttclid=E_C_P_CuYBfZ3KRx8MJ9fff0bvATX-0KgDB2DoT7ncSRXyxlb8gZmLpYLJoRjj7Omu0LKwzJb24IzE7qvZ0xCAmASup-QDhIcTrnRo-TV1mtAony1V6dbIIspjd4zSIpm4Ck7KEMoZyybfPMANppw2QJJ8i0TLhCKklI_LR4XYim65gWYYivbN0IN1OtceN6NY-x3mr0MlB4RVO_WRUquwEBDCTq9Jf7kOPnK8o5q8wqyWp9G43xgx-R_2mzCTnnzYEFfeO3XAykA5zqYYjeak9o2acSk8aYQMS-GkBPj8SGPFdaU62QXgFh1gABISBHYyLjA,DISNEY,BRAND_DISNEY,,Entretenimiento,Streaming de video,Excel Row 214,curated,
Entretenimiento,Streaming de video,MUBI,mubi,BRAND,mubi.com/es/cl,MUBI,BRAND_MUBI,,Entretenimiento,Streaming de video,Excel Row 215,curated,
Entretenimiento,Streaming de video,Max,max,BRAND,hbomax.com/cl/es,MAX,BRAND_MAX,,Entretenimiento,Streaming de video,Excel Row 216,curated,
Entretenimiento,Streaming de video,Netflix,netflix,BRAND,netflix.com/cl,NETFLIX,BRAND_NETFLIX,,Entretenimiento,Streaming de video,Excel Row 217,curated,
Entretenimiento,Streaming de video,Paramount+,paramount,BRAND,paramountplus.com/cl,PARAMOUNT,BRAND_PARAMOUNT,,Entretenimiento,Streaming de video,Excel Row 218,curated,
Entretenimiento,Streaming de video,Prime Video,prime-video,BRAND,primevideo.com/offers/nonprimehomepage/ref=dv_web_force_root,PRIME VIDEO,BRAND_PRIME_VIDEO,,Entretenimiento,Streaming de video,Excel Row 219,curated,
Entretenimiento,Streaming de video,Universal+,universal,BRAND,universalplus.com,UNIVERSAL,BRAND_UNIVERSAL,,Entretenimiento,Streaming de video,Excel Row 220,curated,
Entretenimiento,TV abierta,Canal 13,canal-13,BRAND,13.cl,CANAL 13,BRAND_CANAL_13,CL,Entretenimiento,TV abierta,Excel Row 221,curated,
Entretenimiento,TV abierta,Chilevisión,chilevision,BRAND,chilevision.cl,CHILEVISION,BRAND_CHILEVISION,CL,Entretenimiento,TV abierta,Excel Row 222,curated,
Entretenimiento,TV abierta,La Red,la-red,BRAND,lared.cl,LA RED,BRAND_LA_RED,CL,Entretenimiento,TV abierta,Excel Row 223,curated,
Entretenimiento,TV abierta,Mega,mega,BRAND,mega.cl,MEGA,BRAND_MEGA,CL,Entretenimiento,TV abierta,Excel Row 224,curated,
Entretenimiento,TV abierta,TV+,tv,BRAND,tvmas.tv,TV,BRAND_TV,,Entretenimiento,TV abierta,Excel Row 225,needs_review,Domain review needed.
Entretenimiento,TV abierta,TVN,tvn,BRAND,tvnplay.com,TVN,BRAND_TVN,CL,Entretenimiento,TV abierta,Excel Row 226,curated,
Finanzas,Bancos,BCI,bci,BRAND,bci.cl,BCI,BRAND_BCI,CL,Finanzas,Bancos,Excel Row 227,curated,
Finanzas,Bancos,Banco BICE,banco-bice,BRAND,bice.cl,BANCO BICE,BRAND_BANCO_BICE,CL,Finanzas,Bancos,Excel Row 228,curated,
Finanzas,Bancos,Banco Falabella,banco-falabella,BRAND,bancofalabella.cl,BANCO FALABELLA,BRAND_BANCO_FALABELLA,CL,Finanzas,Bancos,Excel Row 229,curated,
Finanzas,Bancos,Banco de Chile,banco-de-chile,BRAND,bancochile.cl,BANCO DE CHILE,BRAND_BANCO_DE_CHILE,CL,Finanzas,Bancos,Excel Row 230,curated,
Finanzas,Bancos,BancoEstado,bancoestado,BRAND,bancoestado.cl,BANCOESTADO,BRAND_BANCOESTADO,CL,Finanzas,Bancos,Excel Row 231,curated,
Finanzas,Bancos,Consorcio,consorcio,BRAND,consorcio.cl,CONSORCIO,BRAND_CONSORCIO,CL,Finanzas,Bancos,Excel Row 232,curated,
Finanzas,Bancos,Itaú,itau,BRAND,itau.cl,ITAU,BRAND_ITAU,CL,Finanzas,Bancos,Excel Row 233,curated,
Finanzas,Bancos,Santander,santander,BRAND,santander.cl,SANTANDER,BRAND_SANTANDER,CL,Finanzas,Bancos,Excel Row 234,curated,
Finanzas,Bancos,Scotiabank,scotiabank,BRAND,scotiabank.cl,SCOTIABANK,BRAND_SCOTIABANK,CL,Finanzas,Bancos,Excel Row 235,curated,
Finanzas,Bancos,Security,security,BRAND,bancosecurity.cl,SECURITY,BRAND_SECURITY,CL,Finanzas,Bancos,Excel Row 236,curated,
Finanzas,Fintech,Chek,chek,BRAND,chek.cl,CHEK,BRAND_CHEK,CL,Finanzas,Fintech,Excel Row 237,curated,
Finanzas,Fintech,Fintual,fintual,BRAND,fintual.cl,FINTUAL,BRAND_FINTUAL,CL,Finanzas,Fintech,Excel Row 238,curated,
Finanzas,Fintech,Global66,global66,BRAND,global66.com,GLOBAL66,BRAND_GLOBAL66,,Finanzas,Fintech,Excel Row 239,curated,
Finanzas,Fintech,MACH,mach,BRAND,somosmach.com,MACH,BRAND_MACH,,Finanzas,Fintech,Excel Row 240,curated,
Finanzas,Fintech,Mercado Pago,mercado-pago,BRAND,mercadopago.cl,MERCADO PAGO,BRAND_MERCADO_PAGO,CL,Finanzas,Fintech,Excel Row 241,curated,
Finanzas,Fintech,Prex,prex,BRAND,prexcard.cl,PREX,BRAND_PREX,CL,Finanzas,Fintech,Excel Row 242,curated,
Finanzas,Fintech,Tapp,tapp,BRAND,tapp.cl,TAPP,BRAND_TAPP,CL,Finanzas,Fintech,Excel Row 243,curated,
Finanzas,Fintech,Tenpo,tenpo,BRAND,tenpo.cl,TENPO,BRAND_TENPO,CL,Finanzas,Fintech,Excel Row 244,curated,
Finanzas,Inversiones,BICE Inversiones,bice-inversiones,BRAND,biceinversiones.cl,BICE INVERSIONES,BRAND_BICE_INVERSIONES,CL,Finanzas,Inversiones,Excel Row 245,curated,
Finanzas,Inversiones,BTG Pactual,btg-pactual,BRAND,btgpactual.cl,BTG PACTUAL,BRAND_BTG_PACTUAL,CL,Finanzas,Inversiones,Excel Row 246,curated,
Finanzas,Inversiones,Banchile Inversiones,banchile-inversiones,BRAND,banchileinversiones.cl,BANCHILE INVERSIONES,BRAND_BANCHILE_INVERSIONES,CL,Finanzas,Inversiones,Excel Row 247,curated,
Finanzas,Inversiones,LarrainVial,larrainvial,BRAND,larrainvial.com,LARRAINVIAL,BRAND_LARRAINVIAL,,Finanzas,Inversiones,Excel Row 249,curated,
Finanzas,Inversiones,MBI,mbi,BRAND,mbi.cl,MBI,BRAND_MBI,CL,Finanzas,Inversiones,Excel Row 250,curated,
Finanzas,Inversiones,Renta4,renta4,BRAND,renta4.cl,RENTA4,BRAND_RENTA4,CL,Finanzas,Inversiones,Excel Row 251,curated,
Finanzas,Inversiones,Santander Corredora,santander-corredora,BRAND,santander.cl,SANTANDER CORREDORA,BRAND_SANTANDER_CORREDORA,CL,Finanzas,Inversiones,Excel Row 252,curated,
Finanzas,Medios de Pago,American Express,american-express,BRAND,americanexpress.com,AMERICAN EXPRESS,BRAND_AMERICAN_EXPRESS,,Finanzas,Medios de Pago,Excel Row 253,curated,
Finanzas,Medios de Pago,CMR Falabella,cmr-falabella,BRAND,bancofalabella.cl,CMR FALABELLA,BRAND_CMR_FALABELLA,,Finanzas,Medios de Pago,Excel Row 254,curated,
Finanzas,Medios de Pago,Getnet,getnet,BRAND,getnet.cl,GETNET,BRAND_GETNET,CL,Finanzas,Medios de Pago,Excel Row 255,curated,
Finanzas,Medios de Pago,Mastercard,mastercard,BRAND,mastercard.cl,MASTERCARD,BRAND_MASTERCARD,CL,Finanzas,Medios de Pago,Excel Row 256,curated,
Finanzas,Medios de Pago,Redcompra,redcompra,BRAND,transbank.cl,REDCOMPRA,BRAND_REDCOMPRA,CL,Finanzas,Medios de Pago,Excel Row 258,curated,
Finanzas,Medios de Pago,Visa,visa,BRAND,visa.cl,VISA,BRAND_VISA,,Finanzas,Medios de Pago,Excel Row 259,curated,
Finanzas,Medios de Pago,Webpay,webpay,BRAND,transbank.cl,WEBPAY,BRAND_WEBPAY,CL,Finanzas,Medios de Pago,Excel Row 260,curated,
Hogar,Aspiradoras,Dyson,dyson,BRAND,dyson.cl,DYSON,BRAND_DYSON,CL,Hogar,Aspiradoras,Excel Row 261,curated,
Hogar,Aspiradoras,Electrolux,electrolux,BRAND,electrolux.cl,ELECTROLUX,BRAND_ELECTROLUX,CL,Hogar,Aspiradoras,Excel Row 262,curated,
Hogar,Aspiradoras,Philips,philips,BRAND,philips.cl,PHILIPS,BRAND_PHILIPS,CL,Hogar,Aspiradoras,Excel Row 263,curated,
Hogar,Aspiradoras,Thomas,thomas,BRAND,thomas.cl/thomas,THOMAS,BRAND_THOMAS,CL,Hogar,Aspiradoras,Excel Row 264,curated,
Hogar,Aspiradoras,Ursus Trotter,ursus-trotter,BRAND,ursustrotter.cl,URSUS TROTTER,BRAND_URSUS_TROTTER,CL,Hogar,Aspiradoras,Excel Row 265,curated,
Hogar,Aspiradoras,Xiaomi,xiaomi,BRAND,mi.com/cl,XIAOMI,BRAND_XIAOMI,CL,Hogar,Aspiradoras,Excel Row 266,curated,
Hogar,Colchones,CIC,cic,BRAND,cic.cl,CIC,BRAND_CIC,CL,Hogar,Colchones,Excel Row 267,curated,
Hogar,Colchones,Drimkip,drimkip,BRAND,drimkip.cl,DRIMKIP,BRAND_DRIMKIP,CL,Hogar,Colchones,Excel Row 268,curated,
Hogar,Colchones,Emma,emma,BRAND,emma-colchon.cl,EMMA,BRAND_EMMA,CL,Hogar,Colchones,Excel Row 269,curated,
Hogar,Colchones,Flex,flex,BRAND,flex.cl,FLEX,BRAND_FLEX,CL,Hogar,Colchones,Excel Row 270,curated,
Hogar,Colchones,Mantahue,mantahue,BRAND,colchonesmantahue.cl,MANTAHUE,BRAND_MANTAHUE,CL,Hogar,Colchones,Excel Row 271,curated,
Hogar,Colchones,Rosen,rosen,BRAND,rosen.cl,ROSEN,BRAND_ROSEN,CL,Hogar,Colchones,Excel Row 272,curated,
Hogar,Lavadoras,Bosch,bosch,BRAND,bosch.cl,BOSCH,BRAND_BOSCH,CL,Hogar,Lavadoras,Excel Row 273,curated,
Hogar,Lavadoras,Fensa,fensa,BRAND,tiendafensa.cl,FENSA,BRAND_FENSA,CL,Hogar,Lavadoras,Excel Row 274,curated,
Hogar,Lavadoras,LG,lg,BRAND,lg.com/cl,LG,BRAND_LG,,Hogar,Lavadoras,Excel Row 275,curated,
Hogar,Lavadoras,Midea,midea,BRAND,mideastore.cl,MIDEA,BRAND_MIDEA,CL,Hogar,Lavadoras,Excel Row 276,curated,
Hogar,Lavadoras,Samsung,samsung,BRAND,samsung.com/cl,SAMSUNG,BRAND_SAMSUNG,,Hogar,Lavadoras,Excel Row 277,curated,
Hogar,Lavadoras,Whirlpool,whirlpool,BRAND,whirlpool.cl,WHIRLPOOL,BRAND_WHIRLPOOL,CL,Hogar,Lavadoras,Excel Row 278,curated,
Mascotas,Alimento para gatos,Acana,acana,BRAND,emea.acana.com/es-ES/homepage,ACANA,BRAND_ACANA,,Mascotas,Alimento para gatos,Excel Row 285,curated,
Mascotas,Alimento para gatos,Bravery,bravery,BRAND,bravery.cl,BRAVERY,BRAND_BRAVERY,CL,Mascotas,Alimento para gatos,Excel Row 286,curated,
Mascotas,Alimento para gatos,Cat Chow,cat-chow,BRAND,purina.cl,CAT CHOW,BRAND_CAT_CHOW,CL,Mascotas,Alimento para gatos,Excel Row 287,curated,
Mascotas,Alimento para gatos,Pro Plan,pro-plan,BRAND,,PRO PLAN,BRAND_PRO_PLAN,,Mascotas,Alimento para gatos,Excel Row 288,curated,
Mascotas,Alimento para gatos,Royal Canin,royal-canin,BRAND,royalcanin.com/cl,ROYAL CANIN,BRAND_ROYAL_CANIN,,Mascotas,Alimento para gatos,Excel Row 289,curated,
Mascotas,Alimento para gatos,Whiskas,whiskas,BRAND,whiskas.cl,WHISKAS,BRAND_WHISKAS,CL,Mascotas,Alimento para gatos,Excel Row 290,curated,
Mascotas,Alimento para perros,Dog Chow,dog-chow,BRAND,,DOG CHOW,BRAND_DOG_CHOW,,Mascotas,Alimento para perros,Excel Row 293,curated,
Mascotas,Alimento para perros,Pedigree,pedigree,BRAND,pedigree.cl,PEDIGREE,BRAND_PEDIGREE,CL,Mascotas,Alimento para perros,Excel Row 294,curated,
Mascotas,Clínicas veterinarias,Clínica Veterinaria Alemana,clinica-veterinaria-alemana,BRAND,hva.cl,CLINICA VETERINARIA ALEMANA,BRAND_CLINICA_VETERINARIA_ALEMANA,CL,Mascotas,Clínicas veterinarias,Excel Row 297,curated,
Mascotas,Clínicas veterinarias,Hospital Clínico Veterinario U. de Chile,hospital-clinico-veterinario-u-de-chile,BRAND,veterinaria.uchile.cl/servicios-veterinarios/servicios-clinicos/clinica-bilbao,HOSPITAL CLINICO VETERINARIO U DE CHILE,BRAND_HOSPITAL_CLINICO_VETERINARIO_U_DE_CHILE,CL,Mascotas,Clínicas veterinarias,Excel Row 298,curated,
Mascotas,Clínicas veterinarias,PetSalud,petsalud,BRAND,petsalud.cl,PETSALUD,BRAND_PETSALUD,CL,Mascotas,Clínicas veterinarias,Excel Row 299,curated,
Mascotas,Clínicas veterinarias,Vet24,vet24,BRAND,vet24.cl/inicio,VET24,BRAND_VET24,CL,Mascotas,Clínicas veterinarias,Excel Row 300,curated,
Mascotas,Clínicas veterinarias,VetPoint,vetpoint,BRAND,vetpoint.cl,VETPOINT,BRAND_VETPOINT,CL,Mascotas,Clínicas veterinarias,Excel Row 301,curated,
Mascotas,Clínicas veterinarias,Vets,vets,BRAND,vets.cl,VETS,BRAND_VETS,CL,Mascotas,Clínicas veterinarias,Excel Row 302,curated,
Mascotas,Tiendas de mascotas,Club de Perros y Gatos,club-de-perros-y-gatos,BRAND,clubdeperrosygatos.cl/?srsltid=AfmBOoo0fDvzdpzeWzrN0aEzQy32rkWyOuKZgRMbRaxLvpBuSJm7GBGg,CLUB DE PERROS Y GATOS,BRAND_CLUB_DE_PERROS_Y_GATOS,CL,Mascotas,Tiendas de mascotas,Excel Row 303,curated,
Mascotas,Tiendas de mascotas,Maspet,maspet,BRAND,mas.pet/es/tienda,MASPET,BRAND_MASPET,CL,Mascotas,Tiendas de mascotas,Excel Row 304,curated,
Mascotas,Tiendas de mascotas,Pet BJ,pet-bj,BRAND,petbj.cl/?srsltid=AfmBOop0fTJ5S8fTw8MqjeaWyEJC-xqxKHP8o_z8ML0_xhrp_coculbO,PET BJ,BRAND_PET_BJ,CL,Mascotas,Tiendas de mascotas,Excel Row 305,curated,
Mascotas,Tiendas de mascotas,Pet Happy,pet-happy,BRAND,pethappy.cl,PET HAPPY,BRAND_PET_HAPPY,CL,Mascotas,Tiendas de mascotas,Excel Row 306,curated,
Mascotas,Tiendas de mascotas,Petslandia,petslandia,BRAND,petslandia.cl,PETSLANDIA,BRAND_PETSLANDIA,CL,Mascotas,Tiendas de mascotas,Excel Row 307,curated,
Mascotas,Tiendas de mascotas,SuperZoo,superzoo,BRAND,superzoo.cl,SUPERZOO,BRAND_SUPERZOO,CL,Mascotas,Tiendas de mascotas,Excel Row 308,curated,
Moda,Accesorios,Amphora,amphora,BRAND,amphora.cl,AMPHORA,BRAND_AMPHORA,CL,Moda,Accesorios,Excel Row 309,curated,
Moda,Accesorios,Pandora,pandora,BRAND,cl.pandora.net/es,PANDORA,BRAND_PANDORA,,Moda,Accesorios,Excel Row 310,curated,
Moda,Accesorios,Saxoline,saxoline,BRAND,saxoline.cl,SAXOLINE,BRAND_SAXOLINE,CL,Moda,Accesorios,Excel Row 311,curated,
Moda,Accesorios,Secret,secret,BRAND,carterasecret.cl,SECRET,BRAND_SECRET,CL,Moda,Accesorios,Excel Row 312,curated,
Moda,Accesorios,Swarovski,swarovski,BRAND,swarovski.cl,SWAROVSKI,BRAND_SWAROVSKI,,Moda,Accesorios,Excel Row 313,curated,
Moda,Accesorios,Tous,tous,BRAND,tous.com/cl-es,TOUS,BRAND_TOUS,,Moda,Accesorios,Excel Row 314,curated,
Moda,Calzado,Aldo,aldo,BRAND,aldo.cl/aldo-cl,ALDO,BRAND_ALDO,,Moda,Calzado,Excel Row 315,curated,
Moda,Calzado,Bata,bata,BRAND,bata.com/cl,BATA,BRAND_BATA,CL,Moda,Calzado,Excel Row 316,curated,
Moda,Calzado,Guante,guante,BRAND,guante.cl,GUANTE,BRAND_GUANTE,CL,Moda,Calzado,Excel Row 317,curated,
Moda,Calzado,Hush Puppies,hush-puppies,BRAND,hushpuppies.cl,HUSH PUPPIES,BRAND_HUSH_PUPPIES,CL,Moda,Calzado,Excel Row 318,curated,
Moda,Calzado,Nike,nike,BRAND,nike.cl,NIKE,BRAND_NIKE,,Moda,Calzado,Excel Row 319,curated,
Moda,Calzado,Skechers,skechers,BRAND,skechers.cl,SKECHERS,BRAND_SKECHERS,CL,Moda,Calzado,Excel Row 320,curated,
Moda,Calzado,adidas,adidas,BRAND,adidas.cl,ADIDAS,BRAND_ADIDAS,CL,Moda,Calzado,Excel Row 321,curated,
Moda,Deportivo,Decathlon,decathlon,BRAND,decathlon.cl,DECATHLON,BRAND_DECATHLON,CL,Moda,Deportivo,Excel Row 322,curated,
Moda,Deportivo,New Balance,new-balance,BRAND,newbalance.cl,NEW BALANCE,BRAND_NEW_BALANCE,CL,Moda,Deportivo,Excel Row 323,curated,
Moda,Deportivo,Puma,puma,BRAND,cl.puma.com,PUMA,BRAND_PUMA,,Moda,Deportivo,Excel Row 325,curated,
Moda,Deportivo,Reebok,reebok,BRAND,reebok.cl,REEBOK,BRAND_REEBOK,,Moda,Deportivo,Excel Row 326,curated,
Moda,Deportivo,Sparta,sparta,BRAND,sparta.cl,SPARTA,BRAND_SPARTA,CL,Moda,Deportivo,Excel Row 327,curated,
Moda,Deportivo,Under Armour,under-armour,BRAND,underarmour.cl,UNDER ARMOUR,BRAND_UNDER_ARMOUR,CL,Moda,Deportivo,Excel Row 328,curated,
Moda,Fast fashion,Bershka,bershka,BRAND,bershka.com,BERSHKA,BRAND_BERSHKA,,Moda,Fast fashion,Excel Row 330,curated,
Moda,Fast fashion,Forever 21,forever-21,BRAND,forever21.com,FOREVER 21,BRAND_FOREVER_21,,Moda,Fast fashion,Excel Row 331,curated,
Moda,Fast fashion,H&M,h-m,BRAND,cl.hm.com,HM,BRAND_HM,,Moda,Fast fashion,Excel Row 332,curated,
Moda,Fast fashion,Mango,mango,BRAND,shop.mango.com/cl/es,MANGO,BRAND_MANGO,,Moda,Fast fashion,Excel Row 333,curated,
Moda,Fast fashion,Pull&Bear,pull-bear,BRAND,pullandbear.com/?select-store=true,PULLBEAR,BRAND_PULLBEAR,,Moda,Fast fashion,Excel Row 334,curated,
Moda,Fast fashion,Stradivarius,stradivarius,BRAND,stradivarius.com/es,STRADIVARIUS,BRAND_STRADIVARIUS,,Moda,Fast fashion,Excel Row 335,curated,
Moda,Fast fashion,Zara,zara,BRAND,zara.com,ZARA,BRAND_ZARA,,Moda,Fast fashion,Excel Row 336,curated,
Moda,Outdoor,Columbia,columbia,BRAND,columbiachile.cl,COLUMBIA,BRAND_COLUMBIA,CL,Moda,Outdoor,Excel Row 337,curated,
Moda,Outdoor,Doite,doite,BRAND,doite.cl,DOITE,BRAND_DOITE,CL,Moda,Outdoor,Excel Row 338,curated,
Moda,Outdoor,Lippi,lippi,BRAND,lippioutdoor.com,LIPPI,BRAND_LIPPI,,Moda,Outdoor,Excel Row 339,curated,
Moda,Outdoor,Marmot,marmot,BRAND,marmot.cl,MARMOT,BRAND_MARMOT,CL,Moda,Outdoor,Excel Row 340,curated,
Moda,Outdoor,Patagonia,patagonia,BRAND,cl.patagonia.com,PATAGONIA,BRAND_PATAGONIA,,Moda,Outdoor,Excel Row 341,curated,
Moda,Outdoor,The North Face,the-north-face,BRAND,thenorthface.cl,THE NORTH FACE,BRAND_THE_NORTH_FACE,CL,Moda,Outdoor,Excel Row 342,curated,
Moda,Ropa básica,Family Shop,family-shop,BRAND,familyshop.cl,FAMILY SHOP,BRAND_FAMILY_SHOP,CL,Moda,Ropa básica,Excel Row 343,curated,
Moda,Ropa básica,Sybilla,sybilla,BRAND,ELIMINAR,SYBILLA,BRAND_SYBILLA,,Moda,Ropa básica,Excel Row 346,curated,
Moda,Ropa básica,Tricot,tricot,BRAND,tricot.cl,TRICOT,BRAND_TRICOT,CL,Moda,Ropa básica,Excel Row 347,curated,
Retail,Marketplaces,AliExpress,aliexpress,BRAND,aliexpress.com,ALIEXPRESS,BRAND_ALIEXPRESS,,Retail,Marketplaces,Excel Row 349,curated,
Retail,Marketplaces,Amazon,amazon,BRAND,music.amazon.es,AMAZON,BRAND_AMAZON,,Retail,Marketplaces,Excel Row 350,curated,
Retail,Marketplaces,Falabella,falabella,BRAND,falabella.com,FALABELLA,BRAND_FALABELLA,,Retail,Marketplaces,Excel Row 351,curated,
Retail,Marketplaces,Linio,linio,BRAND,linio.cl,LINIO,BRAND_LINIO,CL,Retail,Marketplaces,Excel Row 352,curated,
Retail,Marketplaces,Mercado Libre,mercado-libre,BRAND,mercadolibre.cl,MERCADO LIBRE,BRAND_MERCADO_LIBRE,CL,Retail,Marketplaces,Excel Row 353,curated,
Retail,Marketplaces,Paris,paris,BRAND,paris.cl,PARIS,BRAND_PARIS,CL,Retail,Marketplaces,Excel Row 354,curated,
Retail,Marketplaces,Ripley,ripley,BRAND,ripley.cl,RIPLEY,BRAND_RIPLEY,CL,Retail,Marketplaces,Excel Row 355,curated,
Retail,Mejoramiento del hogar,Chilemat,chilemat,BRAND,chilemat.cl,CHILEMAT,BRAND_CHILEMAT,CL,Retail,Mejoramiento del hogar,Excel Row 356,curated,
Retail,Mejoramiento del hogar,Construmart,construmart,BRAND,construmart.cl,CONSTRUMART,BRAND_CONSTRUMART,CL,Retail,Mejoramiento del hogar,Excel Row 357,curated,
Retail,Mejoramiento del hogar,Easy,easy,BRAND,easy.cl,EASY,BRAND_EASY,CL,Retail,Mejoramiento del hogar,Excel Row 358,curated,
Retail,Mejoramiento del hogar,Imperial,imperial,BRAND,imperial.cl,IMPERIAL,BRAND_IMPERIAL,CL,Retail,Mejoramiento del hogar,Excel Row 359,curated,
Retail,Mejoramiento del hogar,MTS,mts,BRAND,mts.cl,MTS,BRAND_MTS,CL,Retail,Mejoramiento del hogar,Excel Row 360,curated,
Retail,Mejoramiento del hogar,Sodimac,sodimac,BRAND,sodimac.cl,SODIMAC,BRAND_SODIMAC,CL,Retail,Mejoramiento del hogar,Excel Row 361,curated,
Retail,Multitiendas,ABC,abc,BRAND,abc.cl,ABC,BRAND_ABC,CL,Retail,Multitiendas,Excel Row 362,curated,
Retail,Multitiendas,Hites,hites,BRAND,hites.cl,HITES,BRAND_HITES,,Retail,Multitiendas,Excel Row 364,curated,
Retail,Multitiendas,La Polar,la-polar,BRAND,lapolar.cl,LA POLAR,BRAND_LA_POLAR,CL,Retail,Multitiendas,Excel Row 365,curated,
Retail,Supermercados,Alvi,alvi,BRAND,alvi.cl,ALVI,BRAND_ALVI,CL,Retail,Supermercados,Excel Row 369,curated,
Retail,Supermercados,Jumbo,jumbo,BRAND,jumbo.cl,JUMBO,BRAND_JUMBO,CL,Retail,Supermercados,Excel Row 370,curated,
Retail,Supermercados,Líder,lider,BRAND,lider.cl,LIDER,BRAND_LIDER,CL,Retail,Supermercados,Excel Row 371,curated,
Retail,Supermercados,Santa Isabel,santa-isabel,BRAND,santaisabel.cl,SANTA ISABEL,BRAND_SANTA_ISABEL,CL,Retail,Supermercados,Excel Row 372,curated,
Retail,Supermercados,Tottus,tottus,BRAND,tottus.cl,TOTTUS,BRAND_TOTTUS,CL,Retail,Supermercados,Excel Row 373,curated,
Retail,Supermercados,Unimarc,unimarc,BRAND,unimarc.cl,UNIMARC,BRAND_UNIMARC,CL,Retail,Supermercados,Excel Row 374,curated,
Retail,Supermercados,aCuenta,acuenta,BRAND,acuenta.cl,ACUENTA,BRAND_ACUENTA,CL,Retail,Supermercados,Excel Row 375,curated,
Retail,Tiendas de tecnología,MacOnline,maconline,BRAND,maconline.cl,MACONLINE,BRAND_MACONLINE,,Retail,Tiendas de tecnología,Excel Row 377,curated,
Retail,Tiendas de tecnología,PC Factory,pc-factory,BRAND,pcfactory.cl,PC FACTORY,BRAND_PC_FACTORY,CL,Retail,Tiendas de tecnología,Excel Row 378,curated,
Retail,Tiendas de tecnología,Reifstore,reifstore,BRAND,reifstore.cl,REIFSTORE,BRAND_REIFSTORE,CL,Retail,Tiendas de tecnología,Excel Row 379,curated,
Retail,Tiendas de tecnología,SP Digital,sp-digital,BRAND,spdigital.cl,SP DIGITAL,BRAND_SP_DIGITAL,CL,Retail,Tiendas de tecnología,Excel Row 381,curated,
Retail,Tiendas de tecnología,WePlay,weplay,BRAND,weplay.cl,WEPLAY,BRAND_WEPLAY,CL,Retail,Tiendas de tecnología,Excel Row 382,curated,
Salud,Centros médicos,Bupa,bupa,BRAND,bupa.cl,BUPA,BRAND_BUPA,CL,Salud,Centros médicos,Excel Row 383,curated,
Salud,Centros médicos,IntegraMédica,integramedica,BRAND,integramedica.cl,INTEGRAMEDICA,BRAND_INTEGRAMEDICA,CL,Salud,Centros médicos,Excel Row 384,curated,
Salud,Centros médicos,Megasalud,megasalud,BRAND,megasalud.cl,MEGASALUD,BRAND_MEGASALUD,CL,Salud,Centros médicos,Excel Row 385,curated,
Salud,Centros médicos,RedSalud,redsalud,BRAND,redsalud.cl,REDSALUD,BRAND_REDSALUD,CL,Salud,Centros médicos,Excel Row 386,curated,
Salud,Centros médicos,UC Christus,uc-christus,BRAND,ucchristus.cl,UC CHRISTUS,BRAND_UC_CHRISTUS,CL,Salud,Centros médicos,Excel Row 387,curated,
Salud,Centros médicos,Vidaintegra,vidaintegra,BRAND,vidaintegra.cl,VIDAINTEGRA,BRAND_VIDAINTEGRA,CL,Salud,Centros médicos,Excel Row 388,curated,
Salud,Clínicas,Clínica Alemana,clinica-alemana,BRAND,clinicaalemana.cl,CLINICA ALEMANA,BRAND_CLINICA_ALEMANA,CL,Salud,Clínicas,Excel Row 389,curated,
Salud,Clínicas,Clínica Indisa,clinica-indisa,BRAND,indisa.cl,CLINICA INDISA,BRAND_CLINICA_INDISA,CL,Salud,Clínicas,Excel Row 390,curated,
Salud,Clínicas,Clínica Las Condes,clinica-las-condes,BRAND,clinicalascondes.cl,CLINICA LAS CONDES,BRAND_CLINICA_LAS_CONDES,CL,Salud,Clínicas,Excel Row 391,curated,
Salud,Clínicas,Clínica MEDS,clinica-meds,BRAND,meds.cl,CLINICA MEDS,BRAND_CLINICA_MEDS,CL,Salud,Clínicas,Excel Row 392,curated,
Salud,Clínicas,Clínica Santa María,clinica-santa-maria,BRAND,clinicasantamaria.cl,CLINICA SANTA MARIA,BRAND_CLINICA_SANTA_MARIA,CL,Salud,Clínicas,Excel Row 393,curated,
Salud,Farmacias,Cruz Verde,cruz-verde,BRAND,cruzverde.cl,CRUZ VERDE,BRAND_CRUZ_VERDE,CL,Salud,Farmacias,Excel Row 395,curated,
Salud,Farmacias,Dr. Simi,dr-simi,BRAND,doctorsimi.cl,DR SIMI,BRAND_DR_SIMI,CL,Salud,Farmacias,Excel Row 396,curated,
Salud,Farmacias,Farmacias Ahumada,farmacias-ahumada,BRAND,farmaciasahumada.cl,FARMACIAS AHUMADA,BRAND_FARMACIAS_AHUMADA,CL,Salud,Farmacias,Excel Row 397,curated,
Salud,Farmacias,Fracción,fraccion,BRAND,fraccion.cl,FRACCION,BRAND_FRACCION,CL,Salud,Farmacias,Excel Row 398,curated,
Salud,Farmacias,Knop,knop,BRAND,knop.cl,KNOP,BRAND_KNOP,CL,Salud,Farmacias,Excel Row 399,curated,
Salud,Farmacias,Salcobrand,salcobrand,BRAND,salcobrand.cl,SALCOBRAND,BRAND_SALCOBRAND,CL,Salud,Farmacias,Excel Row 400,curated,
Salud,Isapres,Banmédica,banmedica,BRAND,banmedica.cl,BANMEDICA,BRAND_BANMEDICA,CL,Salud,Isapres,Excel Row 401,curated,
Salud,Isapres,Colmena,colmena,BRAND,colmena.cl,COLMENA,BRAND_COLMENA,CL,Salud,Isapres,Excel Row 402,curated,
Salud,Isapres,Consalud,consalud,BRAND,consalud.cl,CONSALUD,BRAND_CONSALUD,CL,Salud,Isapres,Excel Row 403,curated,
Salud,Isapres,Cruz Blanca,cruz-blanca,BRAND,cruzblanca.cl,CRUZ BLANCA,BRAND_CRUZ_BLANCA,CL,Salud,Isapres,Excel Row 404,curated,
Salud,Isapres,Nueva Masvida,nueva-masvida,BRAND,nuevamasvida.cl,NUEVA MASVIDA,BRAND_NUEVA_MASVIDA,CL,Salud,Isapres,Excel Row 405,curated,
Salud,Isapres,Vida Tres,vida-tres,BRAND,vidatres.cl,VIDA TRES,BRAND_VIDA_TRES,CL,Salud,Isapres,Excel Row 406,curated,
Salud,Seguros de salud,BCI Seguros,bci-seguros,BRAND,bciseguros.cl,BCI SEGUROS,BRAND_BCI_SEGUROS,CL,Salud,Seguros de salud,Excel Row 407,curated,
Salud,Seguros de salud,HDI Seguros,hdi-seguros,BRAND,hdi.cl,HDI SEGUROS,BRAND_HDI_SEGUROS,CL,Salud,Seguros de salud,Excel Row 409,curated,
Salud,Seguros de salud,Mapfre,mapfre,BRAND,mapfre.cl,MAPFRE,BRAND_MAPFRE,CL,Salud,Seguros de salud,Excel Row 410,curated,
Salud,Seguros de salud,MetLife,metlife,BRAND,metlife.cl,METLIFE,BRAND_METLIFE,CL,Salud,Seguros de salud,Excel Row 411,curated,
Salud,Seguros de salud,Zurich,zurich,BRAND,zurich.cl,ZURICH,BRAND_ZURICH,CL,Salud,Seguros de salud,Excel Row 412,curated,
Tecnología,Audífonos,Apple,apple,BRAND,music.apple.com/cl/new,APPLE,BRAND_APPLE,,Tecnología,Audífonos,Excel Row 413,curated,
Tecnología,Audífonos,Bose,bose,BRAND,bose.cl/es_cl/index.html,BOSE,BRAND_BOSE,,Tecnología,Audífonos,Excel Row 414,curated,
Tecnología,Audífonos,JBL,jbl,BRAND,jbl.cl,JBL,BRAND_JBL,CL,Tecnología,Audífonos,Excel Row 415,curated,
Tecnología,Audífonos,Skullcandy,skullcandy,BRAND,skullcandy.eu/es,SKULLCANDY,BRAND_SKULLCANDY,,Tecnología,Audífonos,Excel Row 417,needs_review,Domain review needed.
Tecnología,Audífonos,Sony,sony,BRAND,sony.cl,SONY,BRAND_SONY,,Tecnología,Audífonos,Excel Row 418,curated,
Tecnología,Consolas,ASUS,asus,BRAND,asus.com/cl,ASUS,BRAND_ASUS,,Tecnología,Consolas,Excel Row 419,curated,
Tecnología,Consolas,Lenovo,lenovo,BRAND,lenovo.com/cl/es/?Redirect=False,LENOVO,BRAND_LENOVO,CL,Tecnología,Consolas,Excel Row 420,curated,
Tecnología,Consolas,Nintendo,nintendo,BRAND,nintendo.cl,NINTENDO,BRAND_NINTENDO,CL,Tecnología,Consolas,Excel Row 421,curated,
Tecnología,Consolas,PlayStation,playstation,BRAND,playstation.com/es-cl,PLAYSTATION,BRAND_PLAYSTATION,,Tecnología,Consolas,Excel Row 422,curated,
Tecnología,Consolas,Steam Deck,steam-deck,BRAND,steamdeck.com/es,STEAM DECK,BRAND_STEAM_DECK,,Tecnología,Consolas,Excel Row 423,curated,
Tecnología,Consolas,Xbox,xbox,BRAND,xbox.com/es-ES,XBOX,BRAND_XBOX,,Tecnología,Consolas,Excel Row 424,curated,
Tecnología,Monitores gamer,AOC,aoc,BRAND,aocchile.cl,AOC,BRAND_AOC,CL,Tecnología,Monitores gamer,Excel Row 425,curated,
Tecnología,Monitores gamer,Acer,acer,BRAND,acerstore.cl,ACER,BRAND_ACER,,Tecnología,Monitores gamer,Excel Row 427,curated,
Tecnología,Monitores gamer,MSI,msi,BRAND,msi.com/index.php,MSI,BRAND_MSI,,Tecnología,Monitores gamer,Excel Row 429,curated,
Tecnología,Notebooks,Dell,dell,BRAND,dell.com/es-cl/lp,DELL,BRAND_DELL,,Tecnología,Notebooks,Excel Row 434,curated,
Tecnología,Notebooks,HP,hp,BRAND,hp.com/cl-es/home.html,HP,BRAND_HP,,Tecnología,Notebooks,Excel Row 435,curated,
Tecnología,Periféricos gamer,Corsair,corsair,BRAND,corsair.com/es/es,CORSAIR,BRAND_CORSAIR,,Tecnología,Periféricos gamer,Excel Row 438,curated,
Tecnología,Periféricos gamer,HyperX,hyperx,BRAND,row.hyperx.com/es,HYPERX,BRAND_HYPERX,,Tecnología,Periféricos gamer,Excel Row 439,curated,
Tecnología,Periféricos gamer,Logitech G,logitech-g,BRAND,logitechg.com/es-ar,LOGITECH G,BRAND_LOGITECH_G,,Tecnología,Periféricos gamer,Excel Row 440,curated,
Tecnología,Periféricos gamer,Razer,razer,BRAND,razer.com/latam-es,RAZER,BRAND_RAZER,,Tecnología,Periféricos gamer,Excel Row 441,curated,
Tecnología,Periféricos gamer,Redragon,redragon,BRAND,redragon.es,REDRAGON,BRAND_REDRAGON,,Tecnología,Periféricos gamer,Excel Row 442,curated,
Tecnología,Periféricos gamer,SteelSeries,steelseries,BRAND,steelseries.com,STEELSERIES,BRAND_STEELSERIES,,Tecnología,Periféricos gamer,Excel Row 443,curated,
Tecnología,Smartphones,Honor,honor,BRAND,honor.com/cl,HONOR,BRAND_HONOR,,Tecnología,Smartphones,Excel Row 445,curated,
Tecnología,Smartphones,Huawei,huawei,BRAND,consumer.huawei.com/cl,HUAWEI,BRAND_HUAWEI,,Tecnología,Smartphones,Excel Row 446,curated,
Tecnología,Smartphones,Motorola,motorola,BRAND,motorola.cl,MOTOROLA,BRAND_MOTOROLA,,Tecnología,Smartphones,Excel Row 447,curated,
Tecnología,Smartphones,Oppo,oppo,BRAND,oppo.com/cl,OPPO,BRAND_OPPO,,Tecnología,Smartphones,Excel Row 448,curated,
Tecnología,Smartphones,Realme,realme,BRAND,realme.com/cl,REALME,BRAND_REALME,,Tecnología,Smartphones,Excel Row 449,curated,
Tecnología,Smartwatches,Amazfit,amazfit,BRAND,us.amazfit.com,AMAZFIT,BRAND_AMAZFIT,,Tecnología,Smartwatches,Excel Row 452,curated,
Tecnología,Smartwatches,Garmin,garmin,BRAND,garmin.com/es-CL,GARMIN,BRAND_GARMIN,,Tecnología,Smartwatches,Excel Row 454,curated,
Tecnología,Televisores,Hisense,hisense,BRAND,hisense.cl,HISENSE,BRAND_HISENSE,CL,Tecnología,Televisores,Excel Row 464,curated,
Tecnología,Televisores,TCL,tcl,BRAND,tclstore.cl,TCL,BRAND_TCL,CL,Tecnología,Televisores,Excel Row 469,curated,
Telecomunicaciones,Internet hogar,Claro,claro,BRAND,clarovideo.com,CLARO,BRAND_CLARO,CL,Telecomunicaciones,Internet hogar,Excel Row 470,curated,
Telecomunicaciones,Internet hogar,Entel,entel,BRAND,entel.cl,ENTEL,BRAND_ENTEL,CL,Telecomunicaciones,Internet hogar,Excel Row 471,curated,
Telecomunicaciones,Internet hogar,GTD,gtd,BRAND,gtd.cl,GTD,BRAND_GTD,CL,Telecomunicaciones,Internet hogar,Excel Row 472,curated,
Telecomunicaciones,Internet hogar,Movistar,movistar,BRAND,movistar.cl,MOVISTAR,BRAND_MOVISTAR,CL,Telecomunicaciones,Internet hogar,Excel Row 473,curated,
Telecomunicaciones,Internet hogar,Mundo,mundo,BRAND,tumundo.cl,MUNDO,BRAND_MUNDO,CL,Telecomunicaciones,Internet hogar,Excel Row 474,curated,
Telecomunicaciones,Internet hogar,Telsur,telsur,BRAND,telsur.cl,TELSUR,BRAND_TELSUR,CL,Telecomunicaciones,Internet hogar,Excel Row 475,curated,
Telecomunicaciones,Internet hogar,VTR,vtr,BRAND,vtr.com,VTR,BRAND_VTR,,Telecomunicaciones,Internet hogar,Excel Row 476,curated,
Telecomunicaciones,TV online,DGO,dgo,BRAND,directvgo.com,DGO,BRAND_DGO,,Telecomunicaciones,TV online,Excel Row 478,curated,
Telecomunicaciones,TV online,MiCHV,michv,BRAND,michv.cl,MICHV,BRAND_MICHV,CL,Telecomunicaciones,TV online,Excel Row 479,curated,
Telecomunicaciones,TV online,TVN Play,tvn-play,BRAND,tvnplay.cl,TVN PLAY,BRAND_TVN_PLAY,CL,Telecomunicaciones,TV online,Excel Row 481,curated,
Telecomunicaciones,TV online,Zapping,zapping,BRAND,zapping.com,ZAPPING,BRAND_ZAPPING,,Telecomunicaciones,TV online,Excel Row 482,curated,
Telecomunicaciones,TV paga,DIRECTV,directv,BRAND,directv.cl,DIRECTV,BRAND_DIRECTV,CL,Telecomunicaciones,TV paga,Excel Row 484,curated,
Telecomunicaciones,TV paga,TuVes,tuves,BRAND,tuves.cl,TUVES,BRAND_TUVES,CL,Telecomunicaciones,TV paga,Excel Row 486,curated,
Telecomunicaciones,Telefonía móvil,WOM,wom,BRAND,wom.cl,WOM,BRAND_WOM,CL,Telecomunicaciones,Telefonía móvil,Excel Row 493,curated,
Viajes y transporte,Aerolíneas,Air France,air-france,BRAND,airfrance.com,AIR FRANCE,BRAND_AIR_FRANCE,CL,Viajes y transporte,Aerolíneas,Excel Row 494,curated,
Viajes y transporte,Aerolíneas,American Airlines,american-airlines,BRAND,aa.com,AMERICAN AIRLINES,BRAND_AMERICAN_AIRLINES,,Viajes y transporte,Aerolíneas,Excel Row 495,curated,
Viajes y transporte,Aerolíneas,Avianca,avianca,BRAND,avianca.com,AVIANCA,BRAND_AVIANCA,,Viajes y transporte,Aerolíneas,Excel Row 496,curated,
Viajes y transporte,Aerolíneas,Copa Airlines,copa-airlines,BRAND,copaair.com/es-cl,COPA AIRLINES,BRAND_COPA_AIRLINES,,Viajes y transporte,Aerolíneas,Excel Row 497,curated,
Viajes y transporte,Aerolíneas,Delta Air Lines,delta-air-lines,BRAND,delta.com,DELTA AIR LINES,BRAND_DELTA_AIR_LINES,,Viajes y transporte,Aerolíneas,Excel Row 498,curated,
Viajes y transporte,Aerolíneas,Iberia,iberia,BRAND,iberia.com,IBERIA,BRAND_IBERIA,,Viajes y transporte,Aerolíneas,Excel Row 499,curated,
Viajes y transporte,Aerolíneas,JetSMART,jetsmart,BRAND,jetsmart.cl,JETSMART,BRAND_JETSMART,,Viajes y transporte,Aerolíneas,Excel Row 500,curated,
Viajes y transporte,Aerolíneas,KLM,klm,BRAND,klm.com,KLM,BRAND_KLM,CL,Viajes y transporte,Aerolíneas,Excel Row 501,curated,
Viajes y transporte,Aerolíneas,LATAM,latam,BRAND,latam.com,LATAM,BRAND_LATAM,,Viajes y transporte,Aerolíneas,Excel Row 502,curated,
Viajes y transporte,Aerolíneas,Sky Airline,sky-airline,BRAND,skyairlines.com,SKY AIRLINE,BRAND_SKY_AIRLINE,,Viajes y transporte,Aerolíneas,Excel Row 503,curated,
Viajes y transporte,Aerolíneas,United Airlines,united-airlines,BRAND,united.com/es/us,UNITED AIRLINES,BRAND_UNITED_AIRLINES,,Viajes y transporte,Aerolíneas,Excel Row 504,curated,
Viajes y transporte,Apps de transporte,Cabify,cabify,BRAND,cabify.com/cl,CABIFY,BRAND_CABIFY,CL,Viajes y transporte,Apps de transporte,Excel Row 505,curated,
Viajes y transporte,Apps de transporte,DiDi,didi,BRAND,ELIMINAR,DIDI,BRAND_DIDI,,Viajes y transporte,Apps de transporte,Excel Row 506,curated,
Viajes y transporte,Apps de transporte,Transvip,transvip,BRAND,transvip.cl,TRANSVIP,BRAND_TRANSVIP,CL,Viajes y transporte,Apps de transporte,Excel Row 507,curated,
Viajes y transporte,Apps de transporte,Uber,uber,BRAND,ubereats.com/cl,UBER,BRAND_UBER,,Viajes y transporte,Apps de transporte,Excel Row 508,curated,
Viajes y transporte,Apps de transporte,inDrive,indrive,BRAND,indrive.com/es-cl,INDRIVE,BRAND_INDRIVE,,Viajes y transporte,Apps de transporte,Excel Row 509,curated,
Viajes y transporte,Mensajería,Messenger,messenger,BRAND,messenger.com,MESSENGER,BRAND_MESSENGER,,Viajes y transporte,Mensajería,Excel Row 511,curated,
Viajes y transporte,Mensajería,Signal,signal,BRAND,signal.org/es,SIGNAL,BRAND_SIGNAL,,Viajes y transporte,Mensajería,Excel Row 512,curated,
Viajes y transporte,Mensajería,Telegram,telegram,BRAND,web.telegram.org/a,TELEGRAM,BRAND_TELEGRAM,,Viajes y transporte,Mensajería,Excel Row 513,curated,
Viajes y transporte,Mensajería,WeChat,wechat,BRAND,wechat.com/es,WECHAT,BRAND_WECHAT,,Viajes y transporte,Mensajería,Excel Row 514,curated,
Viajes y transporte,Mensajería,WhatsApp,whatsapp,BRAND,whatsapp.com/?lang=es,WHATSAPP,BRAND_WHATSAPP,,Viajes y transporte,Mensajería,Excel Row 515,curated,